{
"lengthUnit": "mil",
"remark": [],
"components": {
	"fields": ["COMPONENT_NO", "COMPONENT_NAME", "LAYER", "X_COORDINATE", "Y_COORDINATE", "ANGLE"],
	"rows": [
		[1, "A1", "T", 1295, -1370, 90],
		[2, "C1", "T", 925, -605, 180],
		[3, "C2", "T", -80, -1260, 0],
		[4, "CIN", "T", 435, -1200, 0],
		[5, "COUT", "T", 430, -920, 0],
		[6, "D1", "T", 425, -655, 180],
		[7, "DC1", "T", -180, -920, 270],
		[8, "F1", "B", 740, -1405, 180],
		[9, "L1", "T", 20, -1590, 270],
		[10, "P1", "T", 1310, -590, 90],
		[11, "P2", "T", 1305, -920, 90],
		[12, "R2", "T", 815, -1140, 0],
		[13, "R3", "T", 815, -1270, 0],
		[14, "U5", "T", 825, -855, 0],
		[15, "U6", "B", 585, -1030, 180],
		[16, "U7", "T", 640, -1130, 270],
		[17, "U8", "T", -185, -1595, 90],
		[18, "PAD1", "T", 1025, -644.37, 0],
		[19, "PAD1", "B", 1025, -644.37, 0],
		[20, "PAD2", "T", 825, -565.63, 0],
		[21, "PAD2", "B", 825, -565.63, 0],
		[22, "PAD3", "T", -11.1, -1260, 0],
		[23, "PAD3", "B", -11.1, -1260, 0],
		[24, "PAD4", "T", -148.9, -1260, 0],
		[25, "PAD4", "B", -148.9, -1260, 0],
		[26, "PAD5", "T", -270.553, -925.9, 0],
		[27, "PAD5", "B", -270.553, -925.9, 0],
		[28, "PAD6", "T", -89.447, -795.984, 0],
		[29, "PAD6", "B", -89.447, -795.984, 0],
		[30, "PAD7", "T", 873.22, -1140, 0],
		[31, "PAD8", "T", 756.78, -1140, 0],
		[32, "PAD9", "T", 873.22, -1270, 0],
		[33, "PAD10", "T", 756.78, -1270, 0],
		[34, "PAD11", "T", 1310, -690, 0],
		[35, "PAD11", "B", 1310, -690, 0],
		[36, "PAD12", "T", 1310, -590, 0],
		[37, "PAD12", "B", 1310, -590, 0],
		[38, "PAD13", "T", 1310, -490, 0],
		[39, "PAD13", "B", 1310, -490, 0],
		[40, "PAD14", "T", 1305, -1020, 0],
		[41, "PAD14", "B", 1305, -1020, 0],
		[42, "PAD15", "T", 1305, -920, 0],
		[43, "PAD15", "B", 1305, -920, 0],
		[44, "PAD16", "T", 1305, -820, 0],
		[45, "PAD16", "B", 1305, -820, 0],
		[46, "PAD17", "B", 779.815, -1030, 0],
		[47, "PAD18", "B", 390.185, -896.14, 0],
		[48, "PAD19", "B", 390.185, -963.07, 0],
		[49, "PAD20", "B", 390.185, -1030, 0],
		[50, "PAD21", "B", 390.185, -1096.93, 0],
		[51, "PAD22", "B", 390.185, -1163.86, 0],
		[52, "PAD23", "T", 1090, -780, 0],
		[53, "PAD23", "B", 1090, -780, 0],
		[54, "PAD24", "T", 190, -780, 0],
		[55, "PAD24", "B", 190, -780, 0],
		[56, "PAD25", "T", 190, -880, 0],
		[57, "PAD25", "B", 190, -880, 0],
		[58, "PAD26", "T", 190, -980, 0],
		[59, "PAD26", "B", 190, -980, 0],
		[60, "PAD27", "T", 1090, -1080, 0],
		[61, "PAD27", "B", 1090, -1080, 0],
		[62, "PAD28", "T", 1090, -1180, 0],
		[63, "PAD28", "B", 1090, -1180, 0],
		[64, "PAD29", "T", 190, -1180, 0],
		[65, "PAD29", "B", 190, -1180, 0],
		[66, "PAD30", "T", 1090, -1380, 0],
		[67, "PAD30", "B", 1090, -1380, 0],
		[68, "PAD31", "T", 569.1, -1200, 0],
		[69, "PAD32", "T", 300.9, -1200, 0],
		[70, "PAD33", "T", 564.1, -920, 0],
		[71, "PAD34", "T", 295.9, -920, 0],
		[72, "PAD35", "T", 1295, -1170, 0],
		[73, "PAD35", "B", 1295, -1170, 0],
		[74, "PAD36", "T", 1295, -1270, 0],
		[75, "PAD36", "B", 1295, -1270, 0],
		[76, "PAD37", "T", 1295, -1370, 0],
		[77, "PAD37", "B", 1295, -1370, 0],
		[78, "PAD38", "T", 1295, -1470, 0],
		[79, "PAD38", "B", 1295, -1470, 0],
		[80, "PAD39", "T", 279.87, -655, 0],
		[81, "PAD40", "T", 570.13, -655, 0],
		[82, "PAD41", "T", 675, -964.022, 0],
		[83, "PAD42", "T", 725, -964.022, 0],
		[84, "PAD43", "T", 775, -964.022, 0],
		[85, "PAD44", "T", 825, -964.022, 0],
		[86, "PAD45", "T", 875, -964.022, 0],
		[87, "PAD46", "T", 925, -964.022, 0],
		[88, "PAD47", "T", 975, -964.022, 0],
		[89, "PAD48", "T", 675, -745.982, 0],
		[90, "PAD49", "T", 725, -745.982, 0],
		[91, "PAD50", "T", 775, -745.982, 0],
		[92, "PAD51", "T", 875, -745.982, 0],
		[93, "PAD52", "T", 925, -745.982, 0],
		[94, "PAD53", "T", -185, -1695, 0],
		[95, "PAD53", "B", -185, -1695, 0],
		[96, "PAD54", "T", -185, -1595, 0],
		[97, "PAD54", "B", -185, -1595, 0],
		[98, "PAD55", "T", -185, -1495, 0],
		[99, "PAD55", "B", -185, -1495, 0],
		[100, "PAD56", "T", 19.995, -1540.792, 0],
		[101, "PAD56", "B", 19.995, -1540.792, 0],
		[102, "PAD57", "T", 19.995, -1639.212, 0],
		[103, "PAD57", "B", 19.995, -1639.212, 0],
		[104, "PAD58", "T", 940.79, -1381.38, 0],
		[105, "PAD58", "B", 940.79, -1381.38, 0],
		[106, "PAD59", "T", 539.21, -1428.62, 0],
		[107, "PAD59", "B", 539.21, -1428.62, 0]
	]
},
"pins": {
	"fields": ["PIN_NO", "PIN_NAME", "PIN_X", "PIN_Y", "LAYER", "PIN_TYPE", "NET_NAME", "NET_TYPE", "PAD_SHAPE", "PAD_SIZEX", "PAD_SIZEY", "HOLE_SIZE", "HOLE_LEN", "PAD_ANGLE"],
	"rows": [
		[1, "A1_1", 1295, -1170, "T", "DIP", "GND", "GND", "R", 70, 90, 50, 50, 90],
		[2, "A1_1", 1295, -1170, "B", "DIP", "GND", "GND", "R", 70, 90, 50, 50, 90],
		[3, "A1_2", 1295, -1270, "T", "DIP", "VCC", "", "O", 70, 90, 50, 50, 90],
		[4, "A1_2", 1295, -1270, "B", "DIP", "VCC", "", "O", 70, 90, 50, 50, 90],
		[5, "A1_3", 1295, -1370, "T", "DIP", "GAIN", "", "O", 70, 90, 50, 50, 90],
		[6, "A1_3", 1295, -1370, "B", "DIP", "GAIN", "", "O", 70, 90, 50, 50, 90],
		[7, "A1_4", 1295, -1470, "T", "DIP", "GP36", "", "O", 70, 90, 50, 50, 90],
		[8, "A1_4", 1295, -1470, "B", "DIP", "GP36", "", "O", 70, 90, 50, 50, 90],
		[9, "A1_5", 1295, -1570, "T", "DIP", "NET_1", "", "O", 70, 90, 50, 50, 90],
		[10, "A1_5", 1295, -1570, "B", "DIP", "NET_1", "", "O", 70, 90, 50, 50, 90],
		[11, "C1_1", 1025, -644.37, "T", "DIP", "GND", "GND", "C", 57.087, 57.087, 33.464, 33.464, 180],
		[12, "C1_1", 1025, -644.37, "B", "DIP", "GND", "GND", "C", 57.087, 57.087, 33.464, 33.464, 180],
		[13, "C1_2", 825, -565.63, "T", "DIP", "VIN", "", "C", 57.087, 57.087, 33.464, 33.464, 180],
		[14, "C1_2", 825, -565.63, "B", "DIP", "VIN", "", "C", 57.087, 57.087, 33.464, 33.464, 180],
		[15, "C2_1", -148.9, -1260, "T", "DIP", "+5V", "", "C", 62.992, 62.992, 39.37, 39.37, 90],
		[16, "C2_1", -148.9, -1260, "B", "DIP", "+5V", "", "C", 62.992, 62.992, 39.37, 39.37, 90],
		[17, "C2_2", -11.1, -1260, "T", "DIP", "GND", "GND", "C", 62.992, 62.992, 39.37, 39.37, 90],
		[18, "C2_2", -11.1, -1260, "B", "DIP", "GND", "GND", "C", 62.992, 62.992, 39.37, 39.37, 90],
		[19, "CIN_1", 569.1, -1200, "T", "SMD", "VIN", "", "R", 86.024, 148.819, 0, 0, 180],
		[20, "CIN_2", 300.9, -1200, "T", "SMD", "GND", "GND", "R", 86.024, 148.819, 0, 0, 180],
		[21, "COUT_1", 564.1, -920, "T", "SMD", "$1N5722", "", "R", 86.024, 148.819, 0, 0, 180],
		[22, "COUT_2", 295.9, -920, "T", "SMD", "GND", "GND", "R", 86.024, 148.819, 0, 0, 180],
		[23, "D1_1", 570.13, -655, "T", "SMD", "$1N4421", "", "R", 106.299, 129.921, 0, 0, 180],
		[24, "D1_2", 279.87, -655, "T", "SMD", "GND", "GND", "R", 106.299, 129.921, 0, 0, 180],
		[25, "DC1_2", -270.553, -925.9, "T", "DIP", "GND", "GND", "O", 137.795, 51.181, 31.496, 118.11, 270],
		[26, "DC1_2", -270.553, -925.9, "B", "DIP", "GND", "GND", "O", 137.795, 51.181, 31.496, 118.11, 270],
		[27, "DC1_3", -89.447, -795.984, "T", "DIP", "VIN", "", "O", 137.795, 59.055, 39.37, 118.11, 180],
		[28, "DC1_3", -89.447, -795.984, "B", "DIP", "VIN", "", "O", 137.795, 59.055, 39.37, 118.11, 180],
		[29, "DC1_4", -89.447, -1044.015, "T", "DIP", "NET_2", "", "O", 137.795, 59.055, 39.37, 118.11, 0],
		[30, "DC1_4", -89.447, -1044.015, "B", "DIP", "NET_2", "", "O", 137.795, 59.055, 39.37, 118.11, 0],
		[31, "F1_1", 940.79, -1381.38, "T", "DIP", "+5V", "", "C", 60, 60, 43.308, 43.308, 180],
		[32, "F1_1", 940.79, -1381.38, "B", "DIP", "+5V", "", "C", 60, 60, 43.308, 43.308, 180],
		[33, "F1_2", 539.21, -1428.62, "T", "DIP", "$1N5722", "", "C", 60, 60, 43.308, 43.308, 180],
		[34, "F1_2", 539.21, -1428.62, "B", "DIP", "$1N5722", "", "C", 60, 60, 43.308, 43.308, 180],
		[35, "L1_1", 19.995, -1540.792, "T", "DIP", "+5V", "", "C", 78.74, 78.74, 47.244, 47.244, 270],
		[36, "L1_1", 19.995, -1540.792, "B", "DIP", "+5V", "", "C", 78.74, 78.74, 47.244, 47.244, 270],
		[37, "L1_2", 19.995, -1639.212, "T", "DIP", "$1N4421", "", "C", 78.74, 78.74, 47.244, 47.244, 270],
		[38, "L1_2", 19.995, -1639.212, "B", "DIP", "$1N4421", "", "C", 78.74, 78.74, 47.244, 47.244, 270],
		[39, "P1_1", 1310, -690, "T", "DIP", "VIN", "", "R", 78.74, 78.74, 47.244, 47.244, 90],
		[40, "P1_1", 1310, -690, "B", "DIP", "VIN", "", "R", 78.74, 78.74, 47.244, 47.244, 90],
		[41, "P1_2", 1310, -590, "T", "DIP", "$1N1712", "", "C", 78.74, 78.74, 47.244, 47.244, 90],
		[42, "P1_2", 1310, -590, "B", "DIP", "$1N1712", "", "C", 78.74, 78.74, 47.244, 47.244, 90],
		[43, "P1_3", 1310, -490, "T", "DIP", "GND", "GND", "C", 78.74, 78.74, 47.244, 47.244, 90],
		[44, "P1_3", 1310, -490, "B", "DIP", "GND", "GND", "C", 78.74, 78.74, 47.244, 47.244, 90],
		[45, "P2_1", 1305, -1020, "T", "DIP", "VIN", "", "R", 78.74, 78.74, 47.244, 47.244, 90],
		[46, "P2_1", 1305, -1020, "B", "DIP", "VIN", "", "R", 78.74, 78.74, 47.244, 47.244, 90],
		[47, "P2_2", 1305, -920, "T", "DIP", "$1N2427", "", "C", 78.74, 78.74, 47.244, 47.244, 90],
		[48, "P2_2", 1305, -920, "B", "DIP", "$1N2427", "", "C", 78.74, 78.74, 47.244, 47.244, 90],
		[49, "P2_3", 1305, -820, "T", "DIP", "GND", "GND", "C", 78.74, 78.74, 47.244, 47.244, 90],
		[50, "P2_3", 1305, -820, "B", "DIP", "GND", "GND", "C", 78.74, 78.74, 47.244, 47.244, 90],
		[51, "R2_1", 756.78, -1140, "T", "SMD", "DOUT1", "", "R", 47.54, 66.969, 0, 0, 0],
		[52, "R2_2", 873.22, -1140, "T", "SMD", "$1N1712", "", "R", 47.54, 66.969, 0, 0, 0],
		[53, "R3_1", 756.78, -1270, "T", "SMD", "DOUT2", "", "R", 47.54, 66.969, 0, 0, 0],
		[54, "R3_2", 873.22, -1270, "T", "SMD", "$1N2427", "", "R", 47.54, 66.969, 0, 0, 0],
		[55, "U5_1", 675, -964.022, "T", "SMD", "GND", "GND", "O", 22.598, 80.236, 0, 0, 0],
		[56, "U5_2", 725, -964.022, "T", "SMD", "DIN1", "", "O", 22.598, 80.236, 0, 0, 0],
		[57, "U5_3", 775, -964.022, "T", "SMD", "DOUT1", "", "O", 22.598, 80.236, 0, 0, 0],
		[58, "U5_4", 825, -964.022, "T", "SMD", "GND", "GND", "O", 22.598, 80.236, 0, 0, 0],
		[59, "U5_5", 875, -964.022, "T", "SMD", "DIN2", "", "O", 22.598, 80.236, 0, 0, 0],
		[60, "U5_6", 925, -964.022, "T", "SMD", "DOUT2", "", "O", 22.598, 80.236, 0, 0, 0],
		[61, "U5_7", 975, -964.022, "T", "SMD", "GND", "GND", "O", 22.598, 80.236, 0, 0, 0],
		[62, "U5_8", 975, -745.982, "T", "SMD", "NET_3", "", "O", 22.598, 80.236, 0, 0, 0],
		[63, "U5_9", 925, -745.982, "T", "SMD", "GND", "GND", "O", 22.598, 80.236, 0, 0, 0],
		[64, "U5_10", 875, -745.982, "T", "SMD", "GND", "GND", "O", 22.598, 80.236, 0, 0, 0],
		[65, "U5_11", 825, -745.982, "T", "SMD", "NET_4", "", "O", 22.598, 80.236, 0, 0, 0],
		[66, "U5_12", 775, -745.982, "T", "SMD", "GND", "GND", "O", 22.598, 80.236, 0, 0, 0],
		[67, "U5_13", 725, -745.982, "T", "SMD", "GND", "GND", "O", 22.598, 80.236, 0, 0, 0],
		[68, "U5_14", 675, -745.982, "T", "SMD", "VIN", "", "O", 22.598, 80.236, 0, 0, 0],
		[69, "U6_1", 390.185, -1163.86, "B", "SMD", "VIN", "", "R", 132.226, 40.157, 0, 0, 180],
		[70, "U6_2", 390.185, -1096.93, "B", "SMD", "$1N4421", "", "R", 132.226, 40.157, 0, 0, 180],
		[71, "U6_3", 390.185, -1030, "B", "SMD", "GND", "GND", "R", 132.226, 40.157, 0, 0, 180],
		[72, "U6_4", 390.185, -963.07, "B", "SMD", "+5V", "", "R", 132.226, 40.157, 0, 0, 180],
		[73, "U6_5", 390.185, -896.14, "B", "SMD", "GND", "GND", "R", 132.226, 40.157, 0, 0, 180],
		[74, "U6_6", 779.815, -1030, "B", "SMD", "GND", "GND", "R", 342.52, 410.677, 0, 0, 180],
		[75, "U7_1", 1090, -1480, "T", "DIP", "NET_5", "", "C", 70.8661, 70.8661, 40, 40, 270],
		[76, "U7_1", 1090, -1480, "B", "DIP", "NET_5", "", "C", 70.8661, 70.8661, 40, 40, 270],
		[77, "U7_2", 1090, -1380, "T", "DIP", "GP36", "", "C", 70.8661, 70.8661, 40, 40, 270],
		[78, "U7_2", 1090, -1380, "B", "DIP", "GP36", "", "C", 70.8661, 70.8661, 40, 40, 270],
		[79, "U7_3", 1090, -1280, "T", "DIP", "NET_6", "", "C", 70.8661, 70.8661, 40, 40, 270],
		[80, "U7_3", 1090, -1280, "B", "DIP", "NET_6", "", "C", 70.8661, 70.8661, 40, 40, 270],
		[81, "U7_4", 1090, -1180, "T", "DIP", "DIN3", "", "C", 70.8661, 70.8661, 40, 40, 270],
		[82, "U7_4", 1090, -1180, "B", "DIP", "DIN3", "", "C", 70.8661, 70.8661, 40, 40, 270],
		[83, "U7_5", 1090, -1080, "T", "DIP", "DIN4", "", "C", 70.8661, 70.8661, 40, 40, 270],
		[84, "U7_5", 1090, -1080, "B", "DIP", "DIN4", "", "C", 70.8661, 70.8661, 40, 40, 270],
		[85, "U7_6", 1090, -980, "T", "DIP", "NET_7", "", "C", 70.8661, 70.8661, 40, 40, 0],
		[86, "U7_6", 1090, -980, "B", "DIP", "NET_7", "", "C", 70.8661, 70.8661, 40, 40, 0],
		[87, "U7_7", 1090, -880, "T", "DIP", "NET_8", "", "C", 70.8661, 70.8661, 40, 40, 270],
		[88, "U7_7", 1090, -880, "B", "DIP", "NET_8", "", "C", 70.8661, 70.8661, 40, 40, 270],
		[89, "U7_8", 1090, -780, "T", "DIP", "VCC", "", "C", 70.8661, 70.8661, 40, 40, 270],
		[90, "U7_8", 1090, -780, "B", "DIP", "VCC", "", "C", 70.8661, 70.8661, 40, 40, 270],
		[91, "U7_9", 190, -780, "T", "DIP", "+5V", "", "C", 70.8661, 70.8661, 40, 40, 270],
		[92, "U7_9", 190, -780, "B", "DIP", "+5V", "", "C", 70.8661, 70.8661, 40, 40, 270],
		[93, "U7_10", 190, -880, "T", "DIP", "GND", "GND", "C", 70.8661, 70.8661, 40, 40, 270],
		[94, "U7_10", 190, -880, "B", "DIP", "GND", "GND", "C", 70.8661, 70.8661, 40, 40, 270],
		[95, "U7_11", 190, -980, "T", "DIP", "DIN1", "", "C", 70.8661, 70.8661, 40, 40, 270],
		[96, "U7_11", 190, -980, "B", "DIP", "DIN1", "", "C", 70.8661, 70.8661, 40, 40, 270],
		[97, "U7_12", 190, -1080, "T", "DIP", "NET_9", "", "C", 70.8661, 70.8661, 40, 40, 270],
		[98, "U7_12", 190, -1080, "B", "DIP", "NET_9", "", "C", 70.8661, 70.8661, 40, 40, 270],
		[99, "U7_13", 190, -1180, "T", "DIP", "DIN2", "", "C", 70.8661, 70.8661, 40, 40, 270],
		[100, "U7_13", 190, -1180, "B", "DIP", "DIN2", "", "C", 70.8661, 70.8661, 40, 40, 270],
		[101, "U7_14", 190, -1280, "T", "DIP", "NET_10", "", "C", 70.8661, 70.8661, 40, 40, 270],
		[102, "U7_14", 190, -1280, "B", "DIP", "NET_10", "", "C", 70.8661, 70.8661, 40, 40, 270],
		[103, "U7_15", 190, -1380, "T", "DIP", "NET_11", "", "C", 70.8661, 70.8661, 40, 40, 270],
		[104, "U7_15", 190, -1380, "B", "DIP", "NET_11", "", "C", 70.8661, 70.8661, 40, 40, 270],
		[105, "U7_16", 190, -1480, "T", "DIP", "NET_12", "", "C", 70.8661, 70.8661, 40, 40, 270],
		[106, "U7_16", 190, -1480, "B", "DIP", "NET_12", "", "C", 70.8661, 70.8661, 40, 40, 270],
		[107, "U8_1", -185, -1695, "T", "DIP", "VCC", "", "C", 70.866, 70.866, 47.244, 47.244, 90],
		[108, "U8_1", -185, -1695, "B", "DIP", "VCC", "", "C", 70.866, 70.866, 47.244, 47.244, 90],
		[109, "U8_2", -185, -1595, "T", "DIP", "GAIN", "", "C", 70.866, 70.866, 47.244, 47.244, 90],
		[110, "U8_2", -185, -1595, "B", "DIP", "GAIN", "", "C", 70.866, 70.866, 47.244, 47.244, 90],
		[111, "U8_3", -185, -1495, "T", "DIP", "GND", "GND", "C", 70.866, 70.866, 47.244, 47.244, 90],
		[112, "U8_3", -185, -1495, "B", "DIP", "GND", "GND", "C", 70.866, 70.866, 47.244, 47.244, 90],
		[113, "PAD1_1", 1025, -644.37, "T", "DIP", "GND", "GND", "C", 57.087, 57.087, 33.464, 33.464, 180],
		[114, "PAD1_1", 1025, -644.37, "B", "DIP", "GND", "GND", "C", 57.087, 57.087, 33.464, 33.464, 180],
		[115, "PAD2_2", 825, -565.63, "T", "DIP", "VIN", "", "C", 57.087, 57.087, 33.464, 33.464, 180],
		[116, "PAD2_2", 825, -565.63, "B", "DIP", "VIN", "", "C", 57.087, 57.087, 33.464, 33.464, 180],
		[117, "PAD3_2", -11.1, -1260, "T", "DIP", "GND", "GND", "C", 62.992, 62.992, 39.37, 39.37, 90],
		[118, "PAD3_2", -11.1, -1260, "B", "DIP", "GND", "GND", "C", 62.992, 62.992, 39.37, 39.37, 90],
		[119, "PAD4_1", -148.9, -1260, "T", "DIP", "+5V", "", "C", 62.992, 62.992, 39.37, 39.37, 90],
		[120, "PAD4_1", -148.9, -1260, "B", "DIP", "+5V", "", "C", 62.992, 62.992, 39.37, 39.37, 90],
		[121, "PAD5_2", -270.553, -925.9, "T", "DIP", "GND", "GND", "O", 137.795, 51.181, 31.496, 118.11, 270],
		[122, "PAD5_2", -270.553, -925.9, "B", "DIP", "GND", "GND", "O", 137.795, 51.181, 31.496, 118.11, 270],
		[123, "PAD6_3", -89.447, -795.984, "T", "DIP", "VIN", "", "O", 137.795, 59.055, 39.37, 118.11, 180],
		[124, "PAD6_3", -89.447, -795.984, "B", "DIP", "VIN", "", "O", 137.795, 59.055, 39.37, 118.11, 180],
		[125, "PAD7_2", 873.22, -1140, "T", "SMD", "$1N1712", "", "R", 47.54, 66.969, 0, 0, 0],
		[126, "PAD8_1", 756.78, -1140, "T", "SMD", "DOUT1", "", "R", 47.54, 66.969, 0, 0, 0],
		[127, "PAD9_2", 873.22, -1270, "T", "SMD", "$1N2427", "", "R", 47.54, 66.969, 0, 0, 0],
		[128, "PAD10_1", 756.78, -1270, "T", "SMD", "DOUT2", "", "R", 47.54, 66.969, 0, 0, 0],
		[129, "PAD11_1", 1310, -690, "T", "DIP", "VIN", "", "R", 78.74, 78.74, 47.244, 47.244, 90],
		[130, "PAD11_1", 1310, -690, "B", "DIP", "VIN", "", "R", 78.74, 78.74, 47.244, 47.244, 90],
		[131, "PAD12_2", 1310, -590, "T", "DIP", "$1N1712", "", "C", 78.74, 78.74, 47.244, 47.244, 90],
		[132, "PAD12_2", 1310, -590, "B", "DIP", "$1N1712", "", "C", 78.74, 78.74, 47.244, 47.244, 90],
		[133, "PAD13_3", 1310, -490, "T", "DIP", "GND", "GND", "C", 78.74, 78.74, 47.244, 47.244, 90],
		[134, "PAD13_3", 1310, -490, "B", "DIP", "GND", "GND", "C", 78.74, 78.74, 47.244, 47.244, 90],
		[135, "PAD14_1", 1305, -1020, "T", "DIP", "VIN", "", "R", 78.74, 78.74, 47.244, 47.244, 90],
		[136, "PAD14_1", 1305, -1020, "B", "DIP", "VIN", "", "R", 78.74, 78.74, 47.244, 47.244, 90],
		[137, "PAD15_2", 1305, -920, "T", "DIP", "$1N2427", "", "C", 78.74, 78.74, 47.244, 47.244, 90],
		[138, "PAD15_2", 1305, -920, "B", "DIP", "$1N2427", "", "C", 78.74, 78.74, 47.244, 47.244, 90],
		[139, "PAD16_3", 1305, -820, "T", "DIP", "GND", "GND", "C", 78.74, 78.74, 47.244, 47.244, 90],
		[140, "PAD16_3", 1305, -820, "B", "DIP", "GND", "GND", "C", 78.74, 78.74, 47.244, 47.244, 90],
		[141, "PAD17_6", 779.815, -1030, "B", "SMD", "GND", "GND", "R", 342.52, 410.677, 0, 0, 180],
		[142, "PAD18_5", 390.185, -896.14, "B", "SMD", "GND", "GND", "R", 132.226, 40.157, 0, 0, 180],
		[143, "PAD19_4", 390.185, -963.07, "B", "SMD", "+5V", "", "R", 132.226, 40.157, 0, 0, 180],
		[144, "PAD20_3", 390.185, -1030, "B", "SMD", "GND", "GND", "R", 132.226, 40.157, 0, 0, 180],
		[145, "PAD21_2", 390.185, -1096.93, "B", "SMD", "$1N4421", "", "R", 132.226, 40.157, 0, 0, 180],
		[146, "PAD22_1", 390.185, -1163.86, "B", "SMD", "VIN", "", "R", 132.226, 40.157, 0, 0, 180],
		[147, "PAD23_8", 1090, -780, "T", "DIP", "VCC", "", "C", 70.8661, 70.8661, 40, 40, 270],
		[148, "PAD23_8", 1090, -780, "B", "DIP", "VCC", "", "C", 70.8661, 70.8661, 40, 40, 270],
		[149, "PAD24_9", 190, -780, "T", "DIP", "+5V", "", "C", 70.8661, 70.8661, 40, 40, 270],
		[150, "PAD24_9", 190, -780, "B", "DIP", "+5V", "", "C", 70.8661, 70.8661, 40, 40, 270],
		[151, "PAD25_10", 190, -880, "T", "DIP", "GND", "GND", "C", 70.8661, 70.8661, 40, 40, 270],
		[152, "PAD25_10", 190, -880, "B", "DIP", "GND", "GND", "C", 70.8661, 70.8661, 40, 40, 270],
		[153, "PAD26_11", 190, -980, "T", "DIP", "DIN1", "", "C", 70.8661, 70.8661, 40, 40, 270],
		[154, "PAD26_11", 190, -980, "B", "DIP", "DIN1", "", "C", 70.8661, 70.8661, 40, 40, 270],
		[155, "PAD27_5", 1090, -1080, "T", "DIP", "DIN4", "", "C", 70.8661, 70.8661, 40, 40, 270],
		[156, "PAD27_5", 1090, -1080, "B", "DIP", "DIN4", "", "C", 70.8661, 70.8661, 40, 40, 270],
		[157, "PAD28_4", 1090, -1180, "T", "DIP", "DIN3", "", "C", 70.8661, 70.8661, 40, 40, 270],
		[158, "PAD28_4", 1090, -1180, "B", "DIP", "DIN3", "", "C", 70.8661, 70.8661, 40, 40, 270],
		[159, "PAD29_13", 190, -1180, "T", "DIP", "DIN2", "", "C", 70.8661, 70.8661, 40, 40, 270],
		[160, "PAD29_13", 190, -1180, "B", "DIP", "DIN2", "", "C", 70.8661, 70.8661, 40, 40, 270],
		[161, "PAD30_2", 1090, -1380, "T", "DIP", "GP36", "", "C", 70.8661, 70.8661, 40, 40, 270],
		[162, "PAD30_2", 1090, -1380, "B", "DIP", "GP36", "", "C", 70.8661, 70.8661, 40, 40, 270],
		[163, "PAD31_1", 569.1, -1200, "T", "SMD", "VIN", "", "R", 86.024, 148.819, 0, 0, 180],
		[164, "PAD32_2", 300.9, -1200, "T", "SMD", "GND", "GND", "R", 86.024, 148.819, 0, 0, 180],
		[165, "PAD33_1", 564.1, -920, "T", "SMD", "$1N5722", "", "R", 86.024, 148.819, 0, 0, 180],
		[166, "PAD34_2", 295.9, -920, "T", "SMD", "GND", "GND", "R", 86.024, 148.819, 0, 0, 180],
		[167, "PAD35_1", 1295, -1170, "T", "DIP", "GND", "GND", "R", 70, 90, 50, 50, 90],
		[168, "PAD35_1", 1295, -1170, "B", "DIP", "GND", "GND", "R", 70, 90, 50, 50, 90],
		[169, "PAD36_2", 1295, -1270, "T", "DIP", "VCC", "", "O", 70, 90, 50, 50, 90],
		[170, "PAD36_2", 1295, -1270, "B", "DIP", "VCC", "", "O", 70, 90, 50, 50, 90],
		[171, "PAD37_3", 1295, -1370, "T", "DIP", "GAIN", "", "O", 70, 90, 50, 50, 90],
		[172, "PAD37_3", 1295, -1370, "B", "DIP", "GAIN", "", "O", 70, 90, 50, 50, 90],
		[173, "PAD38_4", 1295, -1470, "T", "DIP", "GP36", "", "O", 70, 90, 50, 50, 90],
		[174, "PAD38_4", 1295, -1470, "B", "DIP", "GP36", "", "O", 70, 90, 50, 50, 90],
		[175, "PAD39_2", 279.87, -655, "T", "SMD", "GND", "GND", "R", 106.299, 129.921, 0, 0, 180],
		[176, "PAD40_1", 570.13, -655, "T", "SMD", "$1N4421", "", "R", 106.299, 129.921, 0, 0, 180],
		[177, "PAD41_1", 675, -964.022, "T", "SMD", "GND", "GND", "O", 22.598, 80.236, 0, 0, 0],
		[178, "PAD42_2", 725, -964.022, "T", "SMD", "DIN1", "", "O", 22.598, 80.236, 0, 0, 0],
		[179, "PAD43_3", 775, -964.022, "T", "SMD", "DOUT1", "", "O", 22.598, 80.236, 0, 0, 0],
		[180, "PAD44_4", 825, -964.022, "T", "SMD", "GND", "GND", "O", 22.598, 80.236, 0, 0, 0],
		[181, "PAD45_5", 875, -964.022, "T", "SMD", "DIN2", "", "O", 22.598, 80.236, 0, 0, 0],
		[182, "PAD46_6", 925, -964.022, "T", "SMD", "DOUT2", "", "O", 22.598, 80.236, 0, 0, 0],
		[183, "PAD47_7", 975, -964.022, "T", "SMD", "GND", "GND", "O", 22.598, 80.236, 0, 0, 0],
		[184, "PAD48_14", 675, -745.982, "T", "SMD", "VIN", "", "O", 22.598, 80.236, 0, 0, 0],
		[185, "PAD49_13", 725, -745.982, "T", "SMD", "GND", "GND", "O", 22.598, 80.236, 0, 0, 0],
		[186, "PAD50_12", 775, -745.982, "T", "SMD", "GND", "GND", "O", 22.598, 80.236, 0, 0, 0],
		[187, "PAD51_10", 875, -745.982, "T", "SMD", "GND", "GND", "O", 22.598, 80.236, 0, 0, 0],
		[188, "PAD52_9", 925, -745.982, "T", "SMD", "GND", "GND", "O", 22.598, 80.236, 0, 0, 0],
		[189, "PAD53_1", -185, -1695, "T", "DIP", "VCC", "", "C", 70.866, 70.866, 47.244, 47.244, 90],
		[190, "PAD53_1", -185, -1695, "B", "DIP", "VCC", "", "C", 70.866, 70.866, 47.244, 47.244, 90],
		[191, "PAD54_2", -185, -1595, "T", "DIP", "GAIN", "", "C", 70.866, 70.866, 47.244, 47.244, 90],
		[192, "PAD54_2", -185, -1595, "B", "DIP", "GAIN", "", "C", 70.866, 70.866, 47.244, 47.244, 90],
		[193, "PAD55_3", -185, -1495, "T", "DIP", "GND", "GND", "C", 70.866, 70.866, 47.244, 47.244, 90],
		[194, "PAD55_3", -185, -1495, "B", "DIP", "GND", "GND", "C", 70.866, 70.866, 47.244, 47.244, 90],
		[195, "PAD56_1", 19.995, -1540.792, "T", "DIP", "+5V", "", "C", 78.74, 78.74, 47.244, 47.244, 270],
		[196, "PAD56_1", 19.995, -1540.792, "B", "DIP", "+5V", "", "C", 78.74, 78.74, 47.244, 47.244, 270],
		[197, "PAD57_2", 19.995, -1639.212, "T", "DIP", "$1N4421", "", "C", 78.74, 78.74, 47.244, 47.244, 270],
		[198, "PAD57_2", 19.995, -1639.212, "B", "DIP", "$1N4421", "", "C", 78.74, 78.74, 47.244, 47.244, 270],
		[199, "PAD58_1", 940.79, -1381.38, "T", "DIP", "+5V", "", "C", 60, 60, 43.308, 43.308, 180],
		[200, "PAD58_1", 940.79, -1381.38, "B", "DIP", "+5V", "", "C", 60, 60, 43.308, 43.308, 180],
		[201, "PAD59_2", 539.21, -1428.62, "T", "DIP", "$1N5722", "", "C", 60, 60, 43.308, 43.308, 180],
		[202, "PAD59_2", 539.21, -1428.62, "B", "DIP", "$1N5722", "", "C", 60, 60, 43.308, 43.308, 180]
	]
}
}